,user_input,retrieved_contexts,response,reference,llm_context_precision_with_reference,context_recall,answer_relevancy,faithfulness,factual_correctness(mode=f1),nv_accuracy
0,Which department is mentioned in the letterhead?,[''],"

Based on the information from Document 2 (410.png), the letter is from the Department of Health, Education, and Welfare, specifically the Food and Drug Administration. This appears in the letterhead of the correspondence dated July 24, 1978.

Would you like to know more details about this letter or its contents?","department of health, education, and welfare",0.0,0.0,0.8138794509997863,0.0,0.0,0.75
1,Who is asssistant to the director in division of regulatory guidance?,"[""Image Analysis:\n==================\nTitle: Letter from FDA to Letitia Brewster Regarding Meeting Minutes\nDescription: The image is a letter dated July 24, 1978, from the Department of Health, Education, and Welfare, Food and Drug Administration, Washington, D.C. It is addressed to Letitia Brewster of the Center for Science in the Public Interest. The letter references a request made in a letter from Mr. Brewster on June 26, 1978, and encloses a copy of the minutes from a meeting held on May 5, 1978, concerning labeling. The letter is signed by Donald Plumb, Assistant to the Director of the Division of Regulatory Guidance, Bureau of Foods. An 'Enclosure' note is included, indicating additional documents accompanied the letter. This serves to document official communication about regulatory matters related to food labeling during the time period.\nFile: 410.png"", ""Image Analysis:\n==================\nTitle: Methods Development Two-Year Project Plan\nDescription: The image displays a table labeled 'Appendix IIA,' detailing a two-year project plan for methods development. It lists various projects categorized under 'PROJECTS COMMITTED TO DO' with additional columns specifying 'R&D CUSTOMER,' 'PRIORITY,' 'DURATION MONTHS,' and 'PROJECT LEADER.' Each row represents a specific project, such as 'CV HCN/Acetaldehyde in Smoke' and 'Macon CA Flavor/Concentrate Methods,' with specific metrics for prioritizing and leading the project. The information is structured to support resource allocation and management oversight. The image likely serves to provide a comprehensive overview of ongoing and upcoming projects crucial for strategic planning and execution within the organization. Footnotes indicate special notes such as validations and current status, and there are abbreviations explained for different project leaders.\nFile: 245.png"", ""Image Analysis:\n==================\nTitle: Study Enrollment and Progression Flowchart\nDescription: The image is a flowchart depicting the process and outcomes of subject enrollment in a study. It starts with 'Subjects Signed Consent (signed consent form)' with a total of 103 participants. This branches into 'Subjects Enrolled' (N=100) and 'Protocol violation' (N=3), with the latter referencing 'Table 1'. From 'Subjects Enrolled', the flowchart divides into 'Subject with baseline angiogram' (N=81) and 'Subjects refused to continue in study' (N=19), with the latter referencing 'Table 2'. The 'Subject with baseline angiogram' further splits into 'IVUS' (N=63) and 'No IVUS' (N=18), with a note 'All SVG occluded or diseased'. The flowchart provides a visual representation of participant engagement and dropout rates, illustrating key stages and transitions within the study. This helps readers understand the sample size progression and specific decision points relevant to the study's protocol."", 'File: 4953.png', ""Image Analysis:\n==================\nTitle: Promotional Display of ITC Limited Snack and Confectionery Brands\nDescription: The image features an array of snack and confectionery products marketed under ITC Limited's brands, including Bingo!, Candyman, and Mint-o. At the top, various packets of Bingo! snacks are displayed, such as 'Mad Angles', 'Tedhe Medhe', and 'Yumitos', emphasizing their variety in flavors and formats. Below, the Candyman and Mint-o brands showcase several packaged confectionery items, highlighting the diversity in flavors catering to different age groups. The image supports the surrounding context by illustrating ITC Limited’s strategy of targeting consumer preferences with innovative product offerings and flavor combinations. The text within the image emphasizes the excitement and novelty associated with these brands.\nFile: 4848.png""]","Based on the documents, Donald Plumb was the Assistant to the Director of the Division of Regulatory Guidance, Bureau of Foods, as indicated in a letter dated July 24, 1978.",donald plumb,0.9999999999,1.0,0.7661180327960951,1.0,0.0,0.75
2,Who signed this letter?,"[""Image Analysis:\n==================\nTitle: Letter from FDA to Letitia Brewster Regarding Meeting Minutes\nDescription: The image is a letter dated July 24, 1978, from the Department of Health, Education, and Welfare, Food and Drug Administration, Washington, D.C. It is addressed to Letitia Brewster of the Center for Science in the Public Interest. The letter references a request made in a letter from Mr. Brewster on June 26, 1978, and encloses a copy of the minutes from a meeting held on May 5, 1978, concerning labeling. The letter is signed by Donald Plumb, Assistant to the Director of the Division of Regulatory Guidance, Bureau of Foods. An 'Enclosure' note is included, indicating additional documents accompanied the letter. This serves to document official communication about regulatory matters related to food labeling during the time period.\nFile: 410.png"", 'File: 4953.png', ""Image Analysis:\n==================\nTitle: Study Enrollment and Progression Flowchart\nDescription: The image is a flowchart depicting the process and outcomes of subject enrollment in a study. It starts with 'Subjects Signed Consent (signed consent form)' with a total of 103 participants. This branches into 'Subjects Enrolled' (N=100) and 'Protocol violation' (N=3), with the latter referencing 'Table 1'. From 'Subjects Enrolled', the flowchart divides into 'Subject with baseline angiogram' (N=81) and 'Subjects refused to continue in study' (N=19), with the latter referencing 'Table 2'. The 'Subject with baseline angiogram' further splits into 'IVUS' (N=63) and 'No IVUS' (N=18), with a note 'All SVG occluded or diseased'. The flowchart provides a visual representation of participant engagement and dropout rates, illustrating key stages and transitions within the study. This helps readers understand the sample size progression and specific decision points relevant to the study's protocol."", ""Image Analysis:\n==================\nTitle: Methods Development Two-Year Project Plan\nDescription: The image displays a table labeled 'Appendix IIA,' detailing a two-year project plan for methods development. It lists various projects categorized under 'PROJECTS COMMITTED TO DO' with additional columns specifying 'R&D CUSTOMER,' 'PRIORITY,' 'DURATION MONTHS,' and 'PROJECT LEADER.' Each row represents a specific project, such as 'CV HCN/Acetaldehyde in Smoke' and 'Macon CA Flavor/Concentrate Methods,' with specific metrics for prioritizing and leading the project. The information is structured to support resource allocation and management oversight. The image likely serves to provide a comprehensive overview of ongoing and upcoming projects crucial for strategic planning and execution within the organization. Footnotes indicate special notes such as validations and current status, and there are abbreviations explained for different project leaders.\nFile: 245.png"", ""Image Analysis:\n==================\nTitle: Promotional Display of ITC Limited Snack and Confectionery Brands\nDescription: The image features an array of snack and confectionery products marketed under ITC Limited's brands, including Bingo!, Candyman, and Mint-o. At the top, various packets of Bingo! snacks are displayed, such as 'Mad Angles', 'Tedhe Medhe', and 'Yumitos', emphasizing their variety in flavors and formats. Below, the Candyman and Mint-o brands showcase several packaged confectionery items, highlighting the diversity in flavors catering to different age groups. The image supports the surrounding context by illustrating ITC Limited’s strategy of targeting consumer preferences with innovative product offerings and flavor combinations. The text within the image emphasizes the excitement and novelty associated with these brands.\nFile: 4848.png""]","Based on the documents, the letter was signed by Donald Plumb, who was the Assistant to the Director of the Division of Regulatory Guidance, Bureau of Foods at the Food and Drug Administration.

Would you like to know more about the contents or context of this letter?",donald plumb,0.9999999999,1.0,0.960030283195354,1.0,0.0,0.75
3,In whic center does Mr. Brewster work?,[''],"

Based on the project documents, specifically Document 2 (410.png), Letitia Brewster worked at the Center for Science in the Public Interest. This information comes from a 1978 letter from the FDA addressed to Letitia Brewster at that organization.

Would you like to know more about the correspondence or the context of this document?",center for science in the public interest,0.0,0.0,0.8636710682008921,0.0,0.0,0.5
4,In which bureau does Donald Plumb work?,[''],"

Based on Document 2 (410.png), Donald Plumb worked in the Bureau of Foods, where his position was Assistant to the Director of the Division of Regulatory Guidance.",bureau of foods,0.0,0.0,0.9273644387290899,0.0,0.0,1.0
5,Which is the project with the highest(highest value) priority?,"[""Image Analysis:\n==================\nTitle: Methods Development Two-Year Project Plan\nDescription: The image displays a table labeled 'Appendix IIA,' detailing a two-year project plan for methods development. It lists various projects categorized under 'PROJECTS COMMITTED TO DO' with additional columns specifying 'R&D CUSTOMER,' 'PRIORITY,' 'DURATION MONTHS,' and 'PROJECT LEADER.' Each row represents a specific project, such as 'CV HCN/Acetaldehyde in Smoke' and 'Macon CA Flavor/Concentrate Methods,' with specific metrics for prioritizing and leading the project. The information is structured to support resource allocation and management oversight. The image likely serves to provide a comprehensive overview of ongoing and upcoming projects crucial for strategic planning and execution within the organization. Footnotes indicate special notes such as validations and current status, and there are abbreviations explained for different project leaders.\nFile: 245.png"", 'File: 4953.png', ""Image Analysis:\n==================\nTitle: Study Enrollment and Progression Flowchart\nDescription: The image is a flowchart depicting the process and outcomes of subject enrollment in a study. It starts with 'Subjects Signed Consent (signed consent form)' with a total of 103 participants. This branches into 'Subjects Enrolled' (N=100) and 'Protocol violation' (N=3), with the latter referencing 'Table 1'. From 'Subjects Enrolled', the flowchart divides into 'Subject with baseline angiogram' (N=81) and 'Subjects refused to continue in study' (N=19), with the latter referencing 'Table 2'. The 'Subject with baseline angiogram' further splits into 'IVUS' (N=63) and 'No IVUS' (N=18), with a note 'All SVG occluded or diseased'. The flowchart provides a visual representation of participant engagement and dropout rates, illustrating key stages and transitions within the study. This helps readers understand the sample size progression and specific decision points relevant to the study's protocol."", ""Image Analysis:\n==================\nTitle: Promotional Display of ITC Limited Snack and Confectionery Brands\nDescription: The image features an array of snack and confectionery products marketed under ITC Limited's brands, including Bingo!, Candyman, and Mint-o. At the top, various packets of Bingo! snacks are displayed, such as 'Mad Angles', 'Tedhe Medhe', and 'Yumitos', emphasizing their variety in flavors and formats. Below, the Candyman and Mint-o brands showcase several packaged confectionery items, highlighting the diversity in flavors catering to different age groups. The image supports the surrounding context by illustrating ITC Limited’s strategy of targeting consumer preferences with innovative product offerings and flavor combinations. The text within the image emphasizes the excitement and novelty associated with these brands.\nFile: 4848.png"", ""Image Analysis:\n==================\nTitle: Letter from FDA to Letitia Brewster Regarding Meeting Minutes\nDescription: The image is a letter dated July 24, 1978, from the Department of Health, Education, and Welfare, Food and Drug Administration, Washington, D.C. It is addressed to Letitia Brewster of the Center for Science in the Public Interest. The letter references a request made in a letter from Mr. Brewster on June 26, 1978, and encloses a copy of the minutes from a meeting held on May 5, 1978, concerning labeling. The letter is signed by Donald Plumb, Assistant to the Director of the Division of Regulatory Guidance, Bureau of Foods. An 'Enclosure' note is included, indicating additional documents accompanied the letter. This serves to document official communication about regulatory matters related to food labeling during the time period.\nFile: 410.png""]","I apologize, but I'm unable to determine the specific project with the highest priority value from the available information. While I can see that the document contains a priority column in the project plan, the specific priority values are not visible in the document analysis provided. 

Would you like me to:
1. Search for more specific details about the priority values?
2. Look for different aspects of the projects that might be of interest?

Please let me know how you'd like to proceed.",55. sand/inorganics in tobacco,0.0,0.0,0.0,0.5,0.57,0.0
6,What is the maximum duration (in months) for a project as per this table?,"[""Image Analysis:\n==================\nTitle: Methods Development Two-Year Project Plan\nDescription: The image displays a table labeled 'Appendix IIA,' detailing a two-year project plan for methods development. It lists various projects categorized under 'PROJECTS COMMITTED TO DO' with additional columns specifying 'R&D CUSTOMER,' 'PRIORITY,' 'DURATION MONTHS,' and 'PROJECT LEADER.' Each row represents a specific project, such as 'CV HCN/Acetaldehyde in Smoke' and 'Macon CA Flavor/Concentrate Methods,' with specific metrics for prioritizing and leading the project. The information is structured to support resource allocation and management oversight. The image likely serves to provide a comprehensive overview of ongoing and upcoming projects crucial for strategic planning and execution within the organization. Footnotes indicate special notes such as validations and current status, and there are abbreviations explained for different project leaders.\nFile: 245.png"", 'File: 4953.png', ""Image Analysis:\n==================\nTitle: Promotional Display of ITC Limited Snack and Confectionery Brands\nDescription: The image features an array of snack and confectionery products marketed under ITC Limited's brands, including Bingo!, Candyman, and Mint-o. At the top, various packets of Bingo! snacks are displayed, such as 'Mad Angles', 'Tedhe Medhe', and 'Yumitos', emphasizing their variety in flavors and formats. Below, the Candyman and Mint-o brands showcase several packaged confectionery items, highlighting the diversity in flavors catering to different age groups. The image supports the surrounding context by illustrating ITC Limited’s strategy of targeting consumer preferences with innovative product offerings and flavor combinations. The text within the image emphasizes the excitement and novelty associated with these brands.\nFile: 4848.png"", ""Image Analysis:\n==================\nTitle: Study Enrollment and Progression Flowchart\nDescription: The image is a flowchart depicting the process and outcomes of subject enrollment in a study. It starts with 'Subjects Signed Consent (signed consent form)' with a total of 103 participants. This branches into 'Subjects Enrolled' (N=100) and 'Protocol violation' (N=3), with the latter referencing 'Table 1'. From 'Subjects Enrolled', the flowchart divides into 'Subject with baseline angiogram' (N=81) and 'Subjects refused to continue in study' (N=19), with the latter referencing 'Table 2'. The 'Subject with baseline angiogram' further splits into 'IVUS' (N=63) and 'No IVUS' (N=18), with a note 'All SVG occluded or diseased'. The flowchart provides a visual representation of participant engagement and dropout rates, illustrating key stages and transitions within the study. This helps readers understand the sample size progression and specific decision points relevant to the study's protocol."", ""Image Analysis:\n==================\nTitle: Letter from FDA to Letitia Brewster Regarding Meeting Minutes\nDescription: The image is a letter dated July 24, 1978, from the Department of Health, Education, and Welfare, Food and Drug Administration, Washington, D.C. It is addressed to Letitia Brewster of the Center for Science in the Public Interest. The letter references a request made in a letter from Mr. Brewster on June 26, 1978, and encloses a copy of the minutes from a meeting held on May 5, 1978, concerning labeling. The letter is signed by Donald Plumb, Assistant to the Director of the Division of Regulatory Guidance, Bureau of Foods. An 'Enclosure' note is included, indicating additional documents accompanied the letter. This serves to document official communication about regulatory matters related to food labeling during the time period.\nFile: 410.png""]","I apologize, but I cannot see the specific duration values in the provided analysis. While I can see that the document contains a ""DURATION MONTHS"" column in the project plan table, I cannot determine the maximum duration without seeing the actual values. Would you like me to make another attempt to search for this specific information, or could you provide additional details about what you see in the image?",12,0.0,0.0,0.0,0.6,0.0,0.0
7,How many projects are listed here?,"[""Image Analysis:\n==================\nTitle: Methods Development Two-Year Project Plan\nDescription: The image displays a table labeled 'Appendix IIA,' detailing a two-year project plan for methods development. It lists various projects categorized under 'PROJECTS COMMITTED TO DO' with additional columns specifying 'R&D CUSTOMER,' 'PRIORITY,' 'DURATION MONTHS,' and 'PROJECT LEADER.' Each row represents a specific project, such as 'CV HCN/Acetaldehyde in Smoke' and 'Macon CA Flavor/Concentrate Methods,' with specific metrics for prioritizing and leading the project. The information is structured to support resource allocation and management oversight. The image likely serves to provide a comprehensive overview of ongoing and upcoming projects crucial for strategic planning and execution within the organization. Footnotes indicate special notes such as validations and current status, and there are abbreviations explained for different project leaders.\nFile: 245.png"", ""Image Analysis:\n==================\nTitle: Study Enrollment and Progression Flowchart\nDescription: The image is a flowchart depicting the process and outcomes of subject enrollment in a study. It starts with 'Subjects Signed Consent (signed consent form)' with a total of 103 participants. This branches into 'Subjects Enrolled' (N=100) and 'Protocol violation' (N=3), with the latter referencing 'Table 1'. From 'Subjects Enrolled', the flowchart divides into 'Subject with baseline angiogram' (N=81) and 'Subjects refused to continue in study' (N=19), with the latter referencing 'Table 2'. The 'Subject with baseline angiogram' further splits into 'IVUS' (N=63) and 'No IVUS' (N=18), with a note 'All SVG occluded or diseased'. The flowchart provides a visual representation of participant engagement and dropout rates, illustrating key stages and transitions within the study. This helps readers understand the sample size progression and specific decision points relevant to the study's protocol."", 'File: 4953.png', ""Image Analysis:\n==================\nTitle: Promotional Display of ITC Limited Snack and Confectionery Brands\nDescription: The image features an array of snack and confectionery products marketed under ITC Limited's brands, including Bingo!, Candyman, and Mint-o. At the top, various packets of Bingo! snacks are displayed, such as 'Mad Angles', 'Tedhe Medhe', and 'Yumitos', emphasizing their variety in flavors and formats. Below, the Candyman and Mint-o brands showcase several packaged confectionery items, highlighting the diversity in flavors catering to different age groups. The image supports the surrounding context by illustrating ITC Limited’s strategy of targeting consumer preferences with innovative product offerings and flavor combinations. The text within the image emphasizes the excitement and novelty associated with these brands.\nFile: 4848.png"", ""Image Analysis:\n==================\nTitle: Letter from FDA to Letitia Brewster Regarding Meeting Minutes\nDescription: The image is a letter dated July 24, 1978, from the Department of Health, Education, and Welfare, Food and Drug Administration, Washington, D.C. It is addressed to Letitia Brewster of the Center for Science in the Public Interest. The letter references a request made in a letter from Mr. Brewster on June 26, 1978, and encloses a copy of the minutes from a meeting held on May 5, 1978, concerning labeling. The letter is signed by Donald Plumb, Assistant to the Director of the Division of Regulatory Guidance, Bureau of Foods. An 'Enclosure' note is included, indicating additional documents accompanied the letter. This serves to document official communication about regulatory matters related to food labeling during the time period.\nFile: 410.png""]","From the available documentation, I can see a Methods Development Two-Year Project Plan that includes multiple projects. While I can see examples of projects like ""CV HCN/Acetaldehyde in Smoke"" and ""Macon CA Flavor/Concentrate Methods,"" I don't have the complete count visible in the provided information. The image shows a table with multiple projects, but I cannot determine the exact total number from the available information. Would you like me to focus on specific aspects of these projects instead?",55,0.0,0.0,0.0,1.0,0.0,0.0
8,What is the duration in months for the first project listed in this table?,"[""Image Analysis:\n==================\nTitle: Methods Development Two-Year Project Plan\nDescription: The image displays a table labeled 'Appendix IIA,' detailing a two-year project plan for methods development. It lists various projects categorized under 'PROJECTS COMMITTED TO DO' with additional columns specifying 'R&D CUSTOMER,' 'PRIORITY,' 'DURATION MONTHS,' and 'PROJECT LEADER.' Each row represents a specific project, such as 'CV HCN/Acetaldehyde in Smoke' and 'Macon CA Flavor/Concentrate Methods,' with specific metrics for prioritizing and leading the project. The information is structured to support resource allocation and management oversight. The image likely serves to provide a comprehensive overview of ongoing and upcoming projects crucial for strategic planning and execution within the organization. Footnotes indicate special notes such as validations and current status, and there are abbreviations explained for different project leaders.\nFile: 245.png"", 'File: 4953.png', ""Image Analysis:\n==================\nTitle: Study Enrollment and Progression Flowchart\nDescription: The image is a flowchart depicting the process and outcomes of subject enrollment in a study. It starts with 'Subjects Signed Consent (signed consent form)' with a total of 103 participants. This branches into 'Subjects Enrolled' (N=100) and 'Protocol violation' (N=3), with the latter referencing 'Table 1'. From 'Subjects Enrolled', the flowchart divides into 'Subject with baseline angiogram' (N=81) and 'Subjects refused to continue in study' (N=19), with the latter referencing 'Table 2'. The 'Subject with baseline angiogram' further splits into 'IVUS' (N=63) and 'No IVUS' (N=18), with a note 'All SVG occluded or diseased'. The flowchart provides a visual representation of participant engagement and dropout rates, illustrating key stages and transitions within the study. This helps readers understand the sample size progression and specific decision points relevant to the study's protocol."", ""Image Analysis:\n==================\nTitle: Promotional Display of ITC Limited Snack and Confectionery Brands\nDescription: The image features an array of snack and confectionery products marketed under ITC Limited's brands, including Bingo!, Candyman, and Mint-o. At the top, various packets of Bingo! snacks are displayed, such as 'Mad Angles', 'Tedhe Medhe', and 'Yumitos', emphasizing their variety in flavors and formats. Below, the Candyman and Mint-o brands showcase several packaged confectionery items, highlighting the diversity in flavors catering to different age groups. The image supports the surrounding context by illustrating ITC Limited’s strategy of targeting consumer preferences with innovative product offerings and flavor combinations. The text within the image emphasizes the excitement and novelty associated with these brands.\nFile: 4848.png"", ""Image Analysis:\n==================\nTitle: Letter from FDA to Letitia Brewster Regarding Meeting Minutes\nDescription: The image is a letter dated July 24, 1978, from the Department of Health, Education, and Welfare, Food and Drug Administration, Washington, D.C. It is addressed to Letitia Brewster of the Center for Science in the Public Interest. The letter references a request made in a letter from Mr. Brewster on June 26, 1978, and encloses a copy of the minutes from a meeting held on May 5, 1978, concerning labeling. The letter is signed by Donald Plumb, Assistant to the Director of the Division of Regulatory Guidance, Bureau of Foods. An 'Enclosure' note is included, indicating additional documents accompanied the letter. This serves to document official communication about regulatory matters related to food labeling during the time period.\nFile: 410.png""]","Looking at the methods development two-year project plan table shown in Document 245.png, which shows various projects with their durations, I am not able to clearly see the specific duration for the first project in the table from the provided document analysis. To provide you with an accurate answer, I would need to see the actual duration value from the table. Could you help me by confirming what project is listed first and its duration?",4,0.0,0.0,0.0,0.4,0.0,0.0
9,Who is the R&D customer for the 2nd project in the list?,"[""Image Analysis:\n==================\nTitle: Methods Development Two-Year Project Plan\nDescription: The image displays a table labeled 'Appendix IIA,' detailing a two-year project plan for methods development. It lists various projects categorized under 'PROJECTS COMMITTED TO DO' with additional columns specifying 'R&D CUSTOMER,' 'PRIORITY,' 'DURATION MONTHS,' and 'PROJECT LEADER.' Each row represents a specific project, such as 'CV HCN/Acetaldehyde in Smoke' and 'Macon CA Flavor/Concentrate Methods,' with specific metrics for prioritizing and leading the project. The information is structured to support resource allocation and management oversight. The image likely serves to provide a comprehensive overview of ongoing and upcoming projects crucial for strategic planning and execution within the organization. Footnotes indicate special notes such as validations and current status, and there are abbreviations explained for different project leaders.\nFile: 245.png"", 'File: 4953.png', ""Image Analysis:\n==================\nTitle: Promotional Display of ITC Limited Snack and Confectionery Brands\nDescription: The image features an array of snack and confectionery products marketed under ITC Limited's brands, including Bingo!, Candyman, and Mint-o. At the top, various packets of Bingo! snacks are displayed, such as 'Mad Angles', 'Tedhe Medhe', and 'Yumitos', emphasizing their variety in flavors and formats. Below, the Candyman and Mint-o brands showcase several packaged confectionery items, highlighting the diversity in flavors catering to different age groups. The image supports the surrounding context by illustrating ITC Limited’s strategy of targeting consumer preferences with innovative product offerings and flavor combinations. The text within the image emphasizes the excitement and novelty associated with these brands.\nFile: 4848.png"", ""Image Analysis:\n==================\nTitle: Study Enrollment and Progression Flowchart\nDescription: The image is a flowchart depicting the process and outcomes of subject enrollment in a study. It starts with 'Subjects Signed Consent (signed consent form)' with a total of 103 participants. This branches into 'Subjects Enrolled' (N=100) and 'Protocol violation' (N=3), with the latter referencing 'Table 1'. From 'Subjects Enrolled', the flowchart divides into 'Subject with baseline angiogram' (N=81) and 'Subjects refused to continue in study' (N=19), with the latter referencing 'Table 2'. The 'Subject with baseline angiogram' further splits into 'IVUS' (N=63) and 'No IVUS' (N=18), with a note 'All SVG occluded or diseased'. The flowchart provides a visual representation of participant engagement and dropout rates, illustrating key stages and transitions within the study. This helps readers understand the sample size progression and specific decision points relevant to the study's protocol."", ""Image Analysis:\n==================\nTitle: Letter from FDA to Letitia Brewster Regarding Meeting Minutes\nDescription: The image is a letter dated July 24, 1978, from the Department of Health, Education, and Welfare, Food and Drug Administration, Washington, D.C. It is addressed to Letitia Brewster of the Center for Science in the Public Interest. The letter references a request made in a letter from Mr. Brewster on June 26, 1978, and encloses a copy of the minutes from a meeting held on May 5, 1978, concerning labeling. The letter is signed by Donald Plumb, Assistant to the Director of the Division of Regulatory Guidance, Bureau of Foods. An 'Enclosure' note is included, indicating additional documents accompanied the letter. This serves to document official communication about regulatory matters related to food labeling during the time period.\nFile: 410.png""]","I apologize, but I cannot see the specific details of the second project in the list from the current view of the document. While I can see that the document contains a project list with R&D customers, I cannot make out the specific customer for the second project. Would you like me to search for additional details about this specific project?",RHH,0.0,0.0,0.0,0.25,0.0,0.0
10,"From the 81, how many had IVUS?",[''],"

Based on the information from Document 4 (flowchart), out of the 81 subjects who had baseline angiograms:
- 63 subjects underwent IVUS
- 18 subjects did not undergo IVUS due to occluded or diseased SVG (Saphenous Vein Graft)

So to directly answer your question: 63 subjects had IVUS out of the 81 who had baseline angiograms.

Would you like to know more details about the overall progression of subjects in this study?",63,0.0,0.0,0.9056919055181533,0.0,0.0,1.0
11,"From the 100, how many of them had baseline angiogram?",[''],"

Looking at the information from the flowchart (Document 4953.png), out of the 100 enrolled subjects:
- 81 subjects had baseline angiograms
- 19 subjects refused to continue

So to directly answer your question: 81 subjects had baseline angiograms out of the initial 100 enrolled participants.

Would you like to know more about what happened with these subjects after the baseline angiograms?",81,0.0,0.0,0.9501840182687825,0.0,0.5,1.0
12,How many subjects were enrolled?,[''],"

Based on the information from the flowchart (Document 4953.png), initially 103 subjects signed consent forms, and 100 subjects were ultimately enrolled in the clinical study. 

From there, the progression shows:
- 3 subjects were excluded due to protocol violations
- 19 subjects refused to continue
- 81 subjects had baseline angiograms
- Of those, 63 underwent IVUS while 18 did not (due to occluded or diseased SVG)

Would you like more specific details about any part of this subject progression?",100,0.0,0.0,0.9398796797772858,0.0,0.0,0.75
13,Why were 3 rejected?,"[""Image Analysis:\n==================\nTitle: Study Enrollment and Progression Flowchart\nDescription: The image is a flowchart depicting the process and outcomes of subject enrollment in a study. It starts with 'Subjects Signed Consent (signed consent form)' with a total of 103 participants. This branches into 'Subjects Enrolled' (N=100) and 'Protocol violation' (N=3), with the latter referencing 'Table 1'. From 'Subjects Enrolled', the flowchart divides into 'Subject with baseline angiogram' (N=81) and 'Subjects refused to continue in study' (N=19), with the latter referencing 'Table 2'. The 'Subject with baseline angiogram' further splits into 'IVUS' (N=63) and 'No IVUS' (N=18), with a note 'All SVG occluded or diseased'. The flowchart provides a visual representation of participant engagement and dropout rates, illustrating key stages and transitions within the study. This helps readers understand the sample size progression and specific decision points relevant to the study's protocol."", ""Image Analysis:\n==================\nTitle: Letter from FDA to Letitia Brewster Regarding Meeting Minutes\nDescription: The image is a letter dated July 24, 1978, from the Department of Health, Education, and Welfare, Food and Drug Administration, Washington, D.C. It is addressed to Letitia Brewster of the Center for Science in the Public Interest. The letter references a request made in a letter from Mr. Brewster on June 26, 1978, and encloses a copy of the minutes from a meeting held on May 5, 1978, concerning labeling. The letter is signed by Donald Plumb, Assistant to the Director of the Division of Regulatory Guidance, Bureau of Foods. An 'Enclosure' note is included, indicating additional documents accompanied the letter. This serves to document official communication about regulatory matters related to food labeling during the time period.\nFile: 410.png"", 'File: 4953.png', ""Image Analysis:\n==================\nTitle: Methods Development Two-Year Project Plan\nDescription: The image displays a table labeled 'Appendix IIA,' detailing a two-year project plan for methods development. It lists various projects categorized under 'PROJECTS COMMITTED TO DO' with additional columns specifying 'R&D CUSTOMER,' 'PRIORITY,' 'DURATION MONTHS,' and 'PROJECT LEADER.' Each row represents a specific project, such as 'CV HCN/Acetaldehyde in Smoke' and 'Macon CA Flavor/Concentrate Methods,' with specific metrics for prioritizing and leading the project. The information is structured to support resource allocation and management oversight. The image likely serves to provide a comprehensive overview of ongoing and upcoming projects crucial for strategic planning and execution within the organization. Footnotes indicate special notes such as validations and current status, and there are abbreviations explained for different project leaders.\nFile: 245.png"", ""Image Analysis:\n==================\nTitle: Promotional Display of ITC Limited Snack and Confectionery Brands\nDescription: The image features an array of snack and confectionery products marketed under ITC Limited's brands, including Bingo!, Candyman, and Mint-o. At the top, various packets of Bingo! snacks are displayed, such as 'Mad Angles', 'Tedhe Medhe', and 'Yumitos', emphasizing their variety in flavors and formats. Below, the Candyman and Mint-o brands showcase several packaged confectionery items, highlighting the diversity in flavors catering to different age groups. The image supports the surrounding context by illustrating ITC Limited’s strategy of targeting consumer preferences with innovative product offerings and flavor combinations. The text within the image emphasizes the excitement and novelty associated with these brands.\nFile: 4848.png""]","Based on the flowchart information from the documents, 3 subjects were rejected due to protocol violations. While the specific nature of these protocol violations is not detailed in the documents (it's referenced as ""Table 1"" in the flowchart), what we do know is that these 3 were excluded from the initial 103 subjects who signed consent forms, leaving 100 enrolled subjects who proceeded with the study.

Would you like to know more about what happened with the remaining subjects in the study?",Protocol violation,0.9999999999,1.0,0.8519907118363416,1.0,0.0,0.75
14,How many Subjects signed out the consent form?,[''],"

Let me check the relevant information from the project documents.

Based on Document 4 (the flowchart), 103 subjects initially signed the consent forms for the clinical study. From these:
- 100 subjects were enrolled
- 3 were excluded due to protocol violations
- 19 subjects later refused to continue
- 81 had baseline angiograms
- Of those, 63 underwent IVUS while 18 did not (due to occluded or diseased SVG)

Would you like to know more specific details about the progression of subjects through the study?",103,0.0,0.0,0.9552179696432064,0.0,0.0,1.0
15,What is the brand name of the chips/snacks produced by ITC?,"[""Image Analysis:\n==================\nTitle: Promotional Display of ITC Limited Snack and Confectionery Brands\nDescription: The image features an array of snack and confectionery products marketed under ITC Limited's brands, including Bingo!, Candyman, and Mint-o. At the top, various packets of Bingo! snacks are displayed, such as 'Mad Angles', 'Tedhe Medhe', and 'Yumitos', emphasizing their variety in flavors and formats. Below, the Candyman and Mint-o brands showcase several packaged confectionery items, highlighting the diversity in flavors catering to different age groups. The image supports the surrounding context by illustrating ITC Limited’s strategy of targeting consumer preferences with innovative product offerings and flavor combinations. The text within the image emphasizes the excitement and novelty associated with these brands.\nFile: 4848.png"", ""Image Analysis:\n==================\nTitle: Methods Development Two-Year Project Plan\nDescription: The image displays a table labeled 'Appendix IIA,' detailing a two-year project plan for methods development. It lists various projects categorized under 'PROJECTS COMMITTED TO DO' with additional columns specifying 'R&D CUSTOMER,' 'PRIORITY,' 'DURATION MONTHS,' and 'PROJECT LEADER.' Each row represents a specific project, such as 'CV HCN/Acetaldehyde in Smoke' and 'Macon CA Flavor/Concentrate Methods,' with specific metrics for prioritizing and leading the project. The information is structured to support resource allocation and management oversight. The image likely serves to provide a comprehensive overview of ongoing and upcoming projects crucial for strategic planning and execution within the organization. Footnotes indicate special notes such as validations and current status, and there are abbreviations explained for different project leaders.\nFile: 245.png"", 'File: 4953.png', ""Image Analysis:\n==================\nTitle: Letter from FDA to Letitia Brewster Regarding Meeting Minutes\nDescription: The image is a letter dated July 24, 1978, from the Department of Health, Education, and Welfare, Food and Drug Administration, Washington, D.C. It is addressed to Letitia Brewster of the Center for Science in the Public Interest. The letter references a request made in a letter from Mr. Brewster on June 26, 1978, and encloses a copy of the minutes from a meeting held on May 5, 1978, concerning labeling. The letter is signed by Donald Plumb, Assistant to the Director of the Division of Regulatory Guidance, Bureau of Foods. An 'Enclosure' note is included, indicating additional documents accompanied the letter. This serves to document official communication about regulatory matters related to food labeling during the time period.\nFile: 410.png"", ""Image Analysis:\n==================\nTitle: Study Enrollment and Progression Flowchart\nDescription: The image is a flowchart depicting the process and outcomes of subject enrollment in a study. It starts with 'Subjects Signed Consent (signed consent form)' with a total of 103 participants. This branches into 'Subjects Enrolled' (N=100) and 'Protocol violation' (N=3), with the latter referencing 'Table 1'. From 'Subjects Enrolled', the flowchart divides into 'Subject with baseline angiogram' (N=81) and 'Subjects refused to continue in study' (N=19), with the latter referencing 'Table 2'. The 'Subject with baseline angiogram' further splits into 'IVUS' (N=63) and 'No IVUS' (N=18), with a note 'All SVG occluded or diseased'. The flowchart provides a visual representation of participant engagement and dropout rates, illustrating key stages and transitions within the study. This helps readers understand the sample size progression and specific decision points relevant to the study's protocol.""]","Based on the project knowledge, ITC Limited's snacks brand is called ""Bingo!"" which includes various product lines such as:
- Mad Angles
- Tedhe Medhe
- Yumitos

These products appear to be potato chips and finger snacks that come in various innovative flavors. The brand appears to focus on excitement and novelty in their product offerings to target different consumer preferences.

Would you like to know more about ITC's other food product brands or specific details about the Bingo! product range?",bingo,0.9999999999,1.0,0.9530046766889636,0.8333333333333334,0.0,1.0
16,What is the brand name of the tofee/candy confectioneries produced by ITC?,"[""Image Analysis:\n==================\nTitle: Promotional Display of ITC Limited Snack and Confectionery Brands\nDescription: The image features an array of snack and confectionery products marketed under ITC Limited's brands, including Bingo!, Candyman, and Mint-o. At the top, various packets of Bingo! snacks are displayed, such as 'Mad Angles', 'Tedhe Medhe', and 'Yumitos', emphasizing their variety in flavors and formats. Below, the Candyman and Mint-o brands showcase several packaged confectionery items, highlighting the diversity in flavors catering to different age groups. The image supports the surrounding context by illustrating ITC Limited’s strategy of targeting consumer preferences with innovative product offerings and flavor combinations. The text within the image emphasizes the excitement and novelty associated with these brands.\nFile: 4848.png"", ""Image Analysis:\n==================\nTitle: Methods Development Two-Year Project Plan\nDescription: The image displays a table labeled 'Appendix IIA,' detailing a two-year project plan for methods development. It lists various projects categorized under 'PROJECTS COMMITTED TO DO' with additional columns specifying 'R&D CUSTOMER,' 'PRIORITY,' 'DURATION MONTHS,' and 'PROJECT LEADER.' Each row represents a specific project, such as 'CV HCN/Acetaldehyde in Smoke' and 'Macon CA Flavor/Concentrate Methods,' with specific metrics for prioritizing and leading the project. The information is structured to support resource allocation and management oversight. The image likely serves to provide a comprehensive overview of ongoing and upcoming projects crucial for strategic planning and execution within the organization. Footnotes indicate special notes such as validations and current status, and there are abbreviations explained for different project leaders.\nFile: 245.png"", ""Image Analysis:\n==================\nTitle: Letter from FDA to Letitia Brewster Regarding Meeting Minutes\nDescription: The image is a letter dated July 24, 1978, from the Department of Health, Education, and Welfare, Food and Drug Administration, Washington, D.C. It is addressed to Letitia Brewster of the Center for Science in the Public Interest. The letter references a request made in a letter from Mr. Brewster on June 26, 1978, and encloses a copy of the minutes from a meeting held on May 5, 1978, concerning labeling. The letter is signed by Donald Plumb, Assistant to the Director of the Division of Regulatory Guidance, Bureau of Foods. An 'Enclosure' note is included, indicating additional documents accompanied the letter. This serves to document official communication about regulatory matters related to food labeling during the time period.\nFile: 410.png"", 'File: 4953.png', ""Image Analysis:\n==================\nTitle: Study Enrollment and Progression Flowchart\nDescription: The image is a flowchart depicting the process and outcomes of subject enrollment in a study. It starts with 'Subjects Signed Consent (signed consent form)' with a total of 103 participants. This branches into 'Subjects Enrolled' (N=100) and 'Protocol violation' (N=3), with the latter referencing 'Table 1'. From 'Subjects Enrolled', the flowchart divides into 'Subject with baseline angiogram' (N=81) and 'Subjects refused to continue in study' (N=19), with the latter referencing 'Table 2'. The 'Subject with baseline angiogram' further splits into 'IVUS' (N=63) and 'No IVUS' (N=18), with a note 'All SVG occluded or diseased'. The flowchart provides a visual representation of participant engagement and dropout rates, illustrating key stages and transitions within the study. This helps readers understand the sample size progression and specific decision points relevant to the study's protocol.""]","Based on the project knowledge, ITC Limited produces confectionery products under two main brand names:
1. Candyman
2. mint-o

These brands offer a variety of confectionery products in diverse flavors and formats. They are part of ITC Limited's snack and confectionery portfolio, which also includes their snack brand 'Bingo!' for potato chips and finger snacks. Would you like to know more about any specific aspects of these confectionery brands?",candyman,0.9999999999,1.0,0.9329801068449921,1.0,0.0,0.75
17,What is the brand name of peppermint confectioneries produced by ITC?,"[""Image Analysis:\n==================\nTitle: Promotional Display of ITC Limited Snack and Confectionery Brands\nDescription: The image features an array of snack and confectionery products marketed under ITC Limited's brands, including Bingo!, Candyman, and Mint-o. At the top, various packets of Bingo! snacks are displayed, such as 'Mad Angles', 'Tedhe Medhe', and 'Yumitos', emphasizing their variety in flavors and formats. Below, the Candyman and Mint-o brands showcase several packaged confectionery items, highlighting the diversity in flavors catering to different age groups. The image supports the surrounding context by illustrating ITC Limited’s strategy of targeting consumer preferences with innovative product offerings and flavor combinations. The text within the image emphasizes the excitement and novelty associated with these brands.\nFile: 4848.png"", ""Image Analysis:\n==================\nTitle: Letter from FDA to Letitia Brewster Regarding Meeting Minutes\nDescription: The image is a letter dated July 24, 1978, from the Department of Health, Education, and Welfare, Food and Drug Administration, Washington, D.C. It is addressed to Letitia Brewster of the Center for Science in the Public Interest. The letter references a request made in a letter from Mr. Brewster on June 26, 1978, and encloses a copy of the minutes from a meeting held on May 5, 1978, concerning labeling. The letter is signed by Donald Plumb, Assistant to the Director of the Division of Regulatory Guidance, Bureau of Foods. An 'Enclosure' note is included, indicating additional documents accompanied the letter. This serves to document official communication about regulatory matters related to food labeling during the time period.\nFile: 410.png"", ""Image Analysis:\n==================\nTitle: Methods Development Two-Year Project Plan\nDescription: The image displays a table labeled 'Appendix IIA,' detailing a two-year project plan for methods development. It lists various projects categorized under 'PROJECTS COMMITTED TO DO' with additional columns specifying 'R&D CUSTOMER,' 'PRIORITY,' 'DURATION MONTHS,' and 'PROJECT LEADER.' Each row represents a specific project, such as 'CV HCN/Acetaldehyde in Smoke' and 'Macon CA Flavor/Concentrate Methods,' with specific metrics for prioritizing and leading the project. The information is structured to support resource allocation and management oversight. The image likely serves to provide a comprehensive overview of ongoing and upcoming projects crucial for strategic planning and execution within the organization. Footnotes indicate special notes such as validations and current status, and there are abbreviations explained for different project leaders.\nFile: 245.png"", 'File: 4953.png', ""Image Analysis:\n==================\nTitle: Study Enrollment and Progression Flowchart\nDescription: The image is a flowchart depicting the process and outcomes of subject enrollment in a study. It starts with 'Subjects Signed Consent (signed consent form)' with a total of 103 participants. This branches into 'Subjects Enrolled' (N=100) and 'Protocol violation' (N=3), with the latter referencing 'Table 1'. From 'Subjects Enrolled', the flowchart divides into 'Subject with baseline angiogram' (N=81) and 'Subjects refused to continue in study' (N=19), with the latter referencing 'Table 2'. The 'Subject with baseline angiogram' further splits into 'IVUS' (N=63) and 'No IVUS' (N=18), with a note 'All SVG occluded or diseased'. The flowchart provides a visual representation of participant engagement and dropout rates, illustrating key stages and transitions within the study. This helps readers understand the sample size progression and specific decision points relevant to the study's protocol.""]","Based on the project knowledge, ITC produces peppermint confectioneries under the brand name ""mint-o"". This brand is part of ITC Limited's confectionery portfolio, along with their other confectionery brand ""Candyman"". The mint-o products are available in various flavors and formats.

Would you like to know more about ITC's other confectionery products or brands?",mint-o,0.9999999999,1.0,0.9796810521628249,0.6,0.0,0.75
18,Which brand does Tangles belong to?,"[""Image Analysis:\n==================\nTitle: Promotional Display of ITC Limited Snack and Confectionery Brands\nDescription: The image features an array of snack and confectionery products marketed under ITC Limited's brands, including Bingo!, Candyman, and Mint-o. At the top, various packets of Bingo! snacks are displayed, such as 'Mad Angles', 'Tedhe Medhe', and 'Yumitos', emphasizing their variety in flavors and formats. Below, the Candyman and Mint-o brands showcase several packaged confectionery items, highlighting the diversity in flavors catering to different age groups. The image supports the surrounding context by illustrating ITC Limited’s strategy of targeting consumer preferences with innovative product offerings and flavor combinations. The text within the image emphasizes the excitement and novelty associated with these brands.\nFile: 4848.png"", 'File: 4953.png', ""Image Analysis:\n==================\nTitle: Letter from FDA to Letitia Brewster Regarding Meeting Minutes\nDescription: The image is a letter dated July 24, 1978, from the Department of Health, Education, and Welfare, Food and Drug Administration, Washington, D.C. It is addressed to Letitia Brewster of the Center for Science in the Public Interest. The letter references a request made in a letter from Mr. Brewster on June 26, 1978, and encloses a copy of the minutes from a meeting held on May 5, 1978, concerning labeling. The letter is signed by Donald Plumb, Assistant to the Director of the Division of Regulatory Guidance, Bureau of Foods. An 'Enclosure' note is included, indicating additional documents accompanied the letter. This serves to document official communication about regulatory matters related to food labeling during the time period.\nFile: 410.png"", ""Image Analysis:\n==================\nTitle: Study Enrollment and Progression Flowchart\nDescription: The image is a flowchart depicting the process and outcomes of subject enrollment in a study. It starts with 'Subjects Signed Consent (signed consent form)' with a total of 103 participants. This branches into 'Subjects Enrolled' (N=100) and 'Protocol violation' (N=3), with the latter referencing 'Table 1'. From 'Subjects Enrolled', the flowchart divides into 'Subject with baseline angiogram' (N=81) and 'Subjects refused to continue in study' (N=19), with the latter referencing 'Table 2'. The 'Subject with baseline angiogram' further splits into 'IVUS' (N=63) and 'No IVUS' (N=18), with a note 'All SVG occluded or diseased'. The flowchart provides a visual representation of participant engagement and dropout rates, illustrating key stages and transitions within the study. This helps readers understand the sample size progression and specific decision points relevant to the study's protocol."", ""Image Analysis:\n==================\nTitle: Methods Development Two-Year Project Plan\nDescription: The image displays a table labeled 'Appendix IIA,' detailing a two-year project plan for methods development. It lists various projects categorized under 'PROJECTS COMMITTED TO DO' with additional columns specifying 'R&D CUSTOMER,' 'PRIORITY,' 'DURATION MONTHS,' and 'PROJECT LEADER.' Each row represents a specific project, such as 'CV HCN/Acetaldehyde in Smoke' and 'Macon CA Flavor/Concentrate Methods,' with specific metrics for prioritizing and leading the project. The information is structured to support resource allocation and management oversight. The image likely serves to provide a comprehensive overview of ongoing and upcoming projects crucial for strategic planning and execution within the organization. Footnotes indicate special notes such as validations and current status, and there are abbreviations explained for different project leaders.\nFile: 245.png""]","I apologize, but I cannot find any information about which brand Tangles belongs to in the provided project documents. The only snack and confectionery brands mentioned in the documents are ITC Limited's brands: Bingo!, Candyman, and Mint-o. Would you like to know more about these brands instead?",bingo,0.9999999999,0.0,0.0,0.6666666666666666,0.0,0.0
19,Which brand does Yumitos belong to?,"[""Image Analysis:\n==================\nTitle: Promotional Display of ITC Limited Snack and Confectionery Brands\nDescription: The image features an array of snack and confectionery products marketed under ITC Limited's brands, including Bingo!, Candyman, and Mint-o. At the top, various packets of Bingo! snacks are displayed, such as 'Mad Angles', 'Tedhe Medhe', and 'Yumitos', emphasizing their variety in flavors and formats. Below, the Candyman and Mint-o brands showcase several packaged confectionery items, highlighting the diversity in flavors catering to different age groups. The image supports the surrounding context by illustrating ITC Limited’s strategy of targeting consumer preferences with innovative product offerings and flavor combinations. The text within the image emphasizes the excitement and novelty associated with these brands.\nFile: 4848.png"", ""Image Analysis:\n==================\nTitle: Methods Development Two-Year Project Plan\nDescription: The image displays a table labeled 'Appendix IIA,' detailing a two-year project plan for methods development. It lists various projects categorized under 'PROJECTS COMMITTED TO DO' with additional columns specifying 'R&D CUSTOMER,' 'PRIORITY,' 'DURATION MONTHS,' and 'PROJECT LEADER.' Each row represents a specific project, such as 'CV HCN/Acetaldehyde in Smoke' and 'Macon CA Flavor/Concentrate Methods,' with specific metrics for prioritizing and leading the project. The information is structured to support resource allocation and management oversight. The image likely serves to provide a comprehensive overview of ongoing and upcoming projects crucial for strategic planning and execution within the organization. Footnotes indicate special notes such as validations and current status, and there are abbreviations explained for different project leaders.\nFile: 245.png"", ""Image Analysis:\n==================\nTitle: Letter from FDA to Letitia Brewster Regarding Meeting Minutes\nDescription: The image is a letter dated July 24, 1978, from the Department of Health, Education, and Welfare, Food and Drug Administration, Washington, D.C. It is addressed to Letitia Brewster of the Center for Science in the Public Interest. The letter references a request made in a letter from Mr. Brewster on June 26, 1978, and encloses a copy of the minutes from a meeting held on May 5, 1978, concerning labeling. The letter is signed by Donald Plumb, Assistant to the Director of the Division of Regulatory Guidance, Bureau of Foods. An 'Enclosure' note is included, indicating additional documents accompanied the letter. This serves to document official communication about regulatory matters related to food labeling during the time period.\nFile: 410.png"", 'File: 4953.png', ""Image Analysis:\n==================\nTitle: Study Enrollment and Progression Flowchart\nDescription: The image is a flowchart depicting the process and outcomes of subject enrollment in a study. It starts with 'Subjects Signed Consent (signed consent form)' with a total of 103 participants. This branches into 'Subjects Enrolled' (N=100) and 'Protocol violation' (N=3), with the latter referencing 'Table 1'. From 'Subjects Enrolled', the flowchart divides into 'Subject with baseline angiogram' (N=81) and 'Subjects refused to continue in study' (N=19), with the latter referencing 'Table 2'. The 'Subject with baseline angiogram' further splits into 'IVUS' (N=63) and 'No IVUS' (N=18), with a note 'All SVG occluded or diseased'. The flowchart provides a visual representation of participant engagement and dropout rates, illustrating key stages and transitions within the study. This helps readers understand the sample size progression and specific decision points relevant to the study's protocol.""]","Based on the project knowledge, Yumitos is a product brand under ITC Limited. It's part of their snack portfolio, which includes other brands like Bingo! (which features products like Mad Angles and Tedhe Medhe), as well as their confectionery brands like Candyman and Mint-o.

Would you like to know more about ITC Limited's other snack and confectionery products?",bingo,0.9999999999,1.0,0.9448368436823656,0.8,0.0,0.0
